{
  "version": "1.1.1",
  "windows": {
    "main": {
      "main": true,
      "url": "app://editor/index.html",
      "windowType": "dockable",
<<<<<<< HEAD
      "x": -8,
      "y": -8,
      "width": 1552,
      "height": 880,
=======
      "x": -1286,
      "y": -188,
      "width": 1292,
      "height": 733,
>>>>>>> b885902c0b989a273978a949c30ed738e4ca1b4c
      "layout": {
        "children": [
          {
            "children": [
              {
                "active": 0,
                "children": [
                  "hierarchy"
                ],
<<<<<<< HEAD
                "height": 379.8000183105469,
                "type": "panel",
                "width": 308.3999938964844
=======
                "height": 309,
                "type": "panel",
                "width": 256
>>>>>>> b885902c0b989a273978a949c30ed738e4ca1b4c
              },
              {
                "active": 0,
                "children": [
                  "assets"
                ],
<<<<<<< HEAD
                "height": 379.8000183105469,
                "type": "panel",
                "width": 308.3999938964844
              }
            ],
            "height": 761.6000366210938,
            "type": "dock-v",
            "width": 308.3999938964844
=======
                "height": 307,
                "type": "panel",
                "width": 256
              }
            ],
            "height": 618,
            "type": "dock-v",
            "width": 256
>>>>>>> b885902c0b989a273978a949c30ed738e4ca1b4c
          },
          {
            "children": [
              {
                "active": 1,
                "children": [
                  "node-library",
                  "scene"
                ],
<<<<<<< HEAD
                "height": 431.3374938964844,
                "type": "panel",
                "width": 839.1000366210938
=======
                "height": 350,
                "type": "panel",
                "width": 704.9948120117188
>>>>>>> b885902c0b989a273978a949c30ed738e4ca1b4c
              },
              {
                "active": 0,
                "children": [
                  "console",
                  "timeline"
                ],
<<<<<<< HEAD
                "height": 328.26251220703125,
                "type": "panel",
                "width": 839.1000366210938
              }
            ],
            "height": 761.6000366210938,
            "type": "dock-v",
            "width": 839.1000366210938
=======
                "height": 266,
                "type": "panel",
                "width": 704.9948120117188
              }
            ],
            "height": 618,
            "type": "dock-v",
            "width": 704.9948120117188
>>>>>>> b885902c0b989a273978a949c30ed738e4ca1b4c
          },
          {
            "active": 0,
            "children": [
              "inspector",
              "cocos-services"
            ],
<<<<<<< HEAD
            "height": 761.6000366210938,
            "type": "panel",
            "width": 384.5
=======
            "height": 618,
            "type": "panel",
            "width": 315
>>>>>>> b885902c0b989a273978a949c30ed738e4ca1b4c
          }
        ],
        "type": "dock-h"
      },
      "panels": [
        "hierarchy",
        "assets",
        "node-library",
        "console",
        "timeline",
        "inspector",
        "cocos-services",
        "scene"
      ]
    }
  },
  "panels": {
    "package-asset.import": {
      "x": 340,
      "y": 72,
      "width": 472,
      "height": 576
    },
    "package-asset.export": {
      "x": 498,
      "y": 96,
      "width": 421,
      "height": 546
    },
    "builder": {
      "x": 472,
      "y": 36,
      "width": 679,
      "height": 724
    },
    "preferences": {
      "x": 562,
      "y": 163,
      "width": 601,
      "height": 565
    }
  }
}